Pais 1;Pais 2
Chile;Hanslandia
Chile;Peru
Chile;Bolivia
Chile;Argentina
Chile;Henryboysnia
Chile;Inglaterra
Chile;Laquebradelaji
Chile;Uruguay
Chile;Paraguay
Chile;Suriname
Chile;Venezuela
Chile;USA
Chile;Mexico
Hanslandia;Peru
Hanslandia;Bolivia
Hanslandia;Argentina
Hanslandia;Henryboysnia
Hanslandia;Inglaterra
Hanslandia;Laquebradelaji
Hanslandia;Uruguay
Hanslandia;Paraguay
Hanslandia;Suriname
Hanslandia;Venezuela
Hanslandia;USA
Hanslandia;Mexico
Peru;Bolivia
Peru;Argentina
Peru;Henryboysnia
Peru;Inglaterra
Peru;Laquebradelaji
Peru;Uruguay
Peru;Paraguay
Peru;Suriname
Peru;Venezuela
Peru;USA
Peru;Mexico
Bolivia;Argentina
Bolivia;Henryboysnia
Bolivia;Inglaterra
Bolivia;Laquebradelaji
Bolivia;Uruguay
Bolivia;Paraguay
Bolivia;Suriname
Bolivia;Venezuela
Bolivia;USA
Bolivia;Mexico
Argentina;Henryboysnia
Argentina;Inglaterra
Argentina;Laquebradelaji
Argentina;Uruguay
Argentina;Paraguay
Argentina;Suriname
Argentina;Venezuela
Argentina;USA
Argentina;Mexico
Henryboysnia;Inglaterra
Henryboysnia;Laquebradelaji
Henryboysnia;Uruguay
Henryboysnia;Paraguay
Henryboysnia;Suriname
Henryboysnia;Venezuela
Henryboysnia;USA
Henryboysnia;Mexico
Inglaterra;Laquebradelaji
Inglaterra;Uruguay
Inglaterra;Paraguay
Inglaterra;Suriname
Inglaterra;Venezuela
Inglaterra;USA
Inglaterra;Mexico
Laquebradelaji;Uruguay
Laquebradelaji;Paraguay
Laquebradelaji;Suriname
Laquebradelaji;Venezuela
Laquebradelaji;USA
Laquebradelaji;Mexico
Uruguay;Paraguay
Uruguay;Suriname
Uruguay;Venezuela
Uruguay;USA
Uruguay;Mexico
Paraguay;Suriname
Paraguay;Venezuela
Paraguay;USA
Paraguay;Mexico
Suriname;Venezuela
Suriname;USA
Suriname;Mexico
Venezuela;USA
Venezuela;Mexico
USA;Mexico
Hanslandia;Chile
Peru;Chile
Bolivia;Chile
Argentina;Chile
Henryboysnia;Chile
Inglaterra;Chile
Dondeeldiabloperdioelponcho;Chile
Laquebradelaji;Chile
Uruguay;Chile
Paraguay;Chile
Suriname;Chile
Venezuela;Chile
USA;Chile
Mexico;Chile
Peru;Hanslandia
Bolivia;Hanslandia
Argentina;Hanslandia
Henryboysnia;Hanslandia
Inglaterra;Hanslandia
Laquebradelaji;Hanslandia
Uruguay;Hanslandia
Paraguay;Hanslandia
Suriname;Hanslandia
Venezuela;Hanslandia
USA;Hanslandia
Mexico;Hanslandia
Bolivia;Peru
Argentina;Peru
Henryboysnia;Peru
Inglaterra;Peru
Laquebradelaji;Peru
Uruguay;Peru
Paraguay;Peru
Suriname;Peru
Venezuela;Peru
USA;Peru
Mexico;Peru
Argentina;Bolivia
Henryboysnia;Bolivia
Inglaterra;Bolivia
Laquebradelaji;Bolivia
Uruguay;Bolivia
Paraguay;Bolivia
Suriname;Bolivia
Venezuela;Bolivia
USA;Bolivia
Mexico;Bolivia
Henryboysnia;Argentina
Inglaterra;Argentina
Laquebradelaji;Argentina
Uruguay;Argentina
Paraguay;Argentina
Suriname;Argentina
Venezuela;Argentina
USA;Argentina
Mexico;Argentina
Inglaterra;Henryboysnia
Laquebradelaji;Henryboysnia
Uruguay;Henryboysnia
Paraguay;Henryboysnia
Suriname;Henryboysnia
Venezuela;Henryboysnia
USA;Henryboysnia
Mexico;Henryboysnia
Laquebradelaji;Inglaterra
Uruguay;Inglaterra
Paraguay;Inglaterra
Suriname;Inglaterra
Venezuela;Inglaterra
USA;Inglaterra
Mexico;Inglaterra
Uruguay;Laquebradelaji
Paraguay;Laquebradelaji
Suriname;Laquebradelaji
Venezuela;Laquebradelaji
USA;Laquebradelaji
Mexico;Laquebradelaji
Paraguay;Uruguay
Suriname;Uruguay
Venezuela;Uruguay
USA;Uruguay
Mexico;Uruguay
Suriname;Paraguay
Venezuela;Paraguay
USA;Paraguay
Mexico;Paraguay
Venezuela;Suriname
USA;Suriname
Mexico;Suriname
USA;Venezuela
Mexico;Venezuela
Mexico;USA
