Artist,Genre
Eurythmics,80s
Eurythmics,New wave
Eurythmics,Pop
Eurythmics,Female vocalists
Eurythmics,Synth pop
Camila Cabello,Pop
Camila Cabello,Female vocalists
Camila Cabello,Dance
Camila Cabello,Cuba
Camila Cabello,Fifth harmony
Fármacos,Indie
Fármacos,Indie pop
Fármacos,Post folk
Fármacos,Chilean
Fármacos,Pop
Miranda!,Pop
Miranda!,Electropop
Miranda!,Argentina
Miranda!,Electronic
Miranda!,Dance
Robyn,Pop
Robyn,Electronic
Robyn,Swedish
Robyn,Female vocalists
Robyn,Seen live
Dua Lipa,Pop
Dua Lipa,Female vocalists
Dua Lipa,British
Dua Lipa,Synthpop
Dua Lipa,Electropop
Britney Spears,Pop
Britney Spears,Dance
Britney Spears,Female vocalists
Britney Spears,Britney spears
Britney Spears,Legend
Panic! at the Disco,Rock
Panic! at the Disco,Alternative
Panic! at the Disco,Emo
Panic! at the Disco,Pop punk
Panic! at the Disco,Indie
Death Cab for Cutie,Indie
Death Cab for Cutie,Indie rock
Death Cab for Cutie,Alternative
Death Cab for Cutie,Seen live
Death Cab for Cutie,Rock
Phoenix,Indie
Phoenix,French
Phoenix,Indie pop
Phoenix,Seen live
Phoenix,Electronic
Dënver,Indie pop
Dënver,Chilean
Dënver,Electronic
Dënver,Chile
Dënver,Electropop
Paris Hilton,Brutal death metal
Paris Hilton,Pop
Paris Hilton,Female vocalists
Paris Hilton,Dance
Vampire Weekend,Indie
Vampire Weekend,Indie rock
Vampire Weekend,Indie pop
Vampire Weekend,Seen live
Vampire Weekend,Alternative
Demi Lovato,Pop
Demi Lovato,Pop rock
Demi Lovato,Female vocalists
Demi Lovato,Disney
Demi Lovato,Guilty pleasure
Nicki Minaj,Hip-hop
Nicki Minaj,Rap
Nicki Minaj,Rnb
Nicki Minaj,Pop
Nicki Minaj,Hip hop
Lily Allen,Pop
Lily Allen,Female vocalists
Lily Allen,British
Lily Allen,Britpop
Lily Allen,Singer-songwriter
CHVRCHES,Synthpop
CHVRCHES,Electronic
CHVRCHES,Electropop
CHVRCHES,Indie
CHVRCHES,Seen live
Yelle,French
Yelle,Electronic
Yelle,Electropop
Yelle,Female vocalists
Yelle,Electro
Grimes,Electronic
Grimes,Dream pop
Grimes,Experimental
Grimes,Psychedelic
Grimes,Canadian
J Balvin,Mierda
J Balvin,Brutal death metal
J Balvin,Shit
J Balvin,Black metal
J Balvin,Basura
Planeta No,Chile
Planeta No,Indie
Planeta No,Pop
Planeta No,Rock
Planeta No,Garage
Taylor Swift,Country
Taylor Swift,Pop
Taylor Swift,Female vocalists
Taylor Swift,Singer-songwriter
Taylor Swift,Acoustic
Ariana Grande,Pop
Ariana Grande,Female vocalists
Ariana Grande,Rnb
Ariana Grande,Ariana grande
Ariana Grande,Nickelodeon
David Guetta,House
David Guetta,Dance
David Guetta,Electronic
David Guetta,Club
David Guetta,Techno
Astrid S,Pop
Astrid S,Norway
Astrid S,Norwegian
Astrid S,Electronic
Astrid S,Seen live
Rita Ora,Pop
Rita Ora,Dance
Rita Ora,Female vocalists
Rita Ora,Rnb
Rita Ora,British
Charli XCX,Synthpop
Charli XCX,Electronic
Charli XCX,Pop
Charli XCX,Seen live
Charli XCX,Female vocalists
Fifth Harmony,Pop
Fifth Harmony,Female vocalists
Fifth Harmony,X factor
Fifth Harmony,American
Fifth Harmony,Rnb
Kelly Clarkson,Pop
Kelly Clarkson,Female vocalists
Kelly Clarkson,Pop rock
Kelly Clarkson,Rock
Kelly Clarkson,Kelly clarkson
One Direction,Pop
One Direction,British
One Direction,One direction
One Direction,Boyband
One Direction,X factor
Teleradio Donoso,Rock chileno
Teleradio Donoso,Chile
Teleradio Donoso,Indie
Teleradio Donoso,Rock
Teleradio Donoso,Rock en español
Gepe,Chile
Gepe,Indie
Gepe,Folk
Gepe,Indie folk
Gepe,Singer-songwriter
Javiera Mena,Pop
Javiera Mena,Electropop
Javiera Mena,Synthpop
Javiera Mena,Indie
Javiera Mena,Chile
Alex Anwandter,Pop
Alex Anwandter,Electronic
Alex Anwandter,Electropop
Alex Anwandter,Chilean
Alex Anwandter,Alternative
Tegan and Sara,Indie
Tegan and Sara,Female vocalists
Tegan and Sara,Canadian
Tegan and Sara,Indie pop
Tegan and Sara,Alternative
Modest Mouse,Indie
Modest Mouse,Indie rock
Modest Mouse,Alternative
Modest Mouse,Rock
Modest Mouse,Seen live
The New Pornographers,Indie
The New Pornographers,Indie rock
The New Pornographers,Seen live
The New Pornographers,Canadian
The New Pornographers,Indie pop
Phantom Planet,Rock
Phantom Planet,Indie
Phantom Planet,Alternative
Phantom Planet,Indie rock
Phantom Planet,Alternative rock
Two Door Cinema Club,Indie
Two Door Cinema Club,Electronic
Two Door Cinema Club,British
Two Door Cinema Club,Alternative
Two Door Cinema Club,Seen live
Black Kids,Indie
Black Kids,Indie pop
Black Kids,Indie rock
Black Kids,Alternative
Black Kids,Seen live
Peter Bjorn and John,Indie
Peter Bjorn and John,Swedish
Peter Bjorn and John,Indie pop
Peter Bjorn and John,Seen live
Peter Bjorn and John,Indie rock
Christina Aguilera,Pop
Christina Aguilera,Female vocalists
Christina Aguilera,Soul
Christina Aguilera,Rnb
Christina Aguilera,Dance
Missy Elliott,Hip-hop
Missy Elliott,Rap
Missy Elliott,Hip hop
Missy Elliott,Rnb
Missy Elliott,Female vocalists
Babyshambles,Indie
Babyshambles,Indie rock
Babyshambles,British
Babyshambles,Rock
Babyshambles,Seen live
The Cure,Post-punk
The Cure,New wave
The Cure,Alternative
The Cure,80s
The Cure,Rock
Ellie Goulding,Female vocalists
Ellie Goulding,Electronic
Ellie Goulding,British
Ellie Goulding,Indie
Ellie Goulding,Indie pop
The Postal Service,Indie
The Postal Service,Electronic
The Postal Service,Indie pop
The Postal Service,Alternative
The Postal Service,Electronica
Kelis,Rnb
Kelis,Hip-hop
Kelis,Female vocalists
Kelis,Pop
Kelis,Soul
Santana,Rock
Santana,Classic rock
Santana,Latin
Santana,Guitar
Santana,Blues
Erasure,80s
Erasure,Synthpop
Erasure,New wave
Erasure,Pop
Erasure,Electronic
Jennifer Lopez,Pop
Jennifer Lopez,Latin
Jennifer Lopez,Rnb
Jennifer Lopez,Female vocalists
Jennifer Lopez,Dance
Nelly Furtado,Pop
Nelly Furtado,Female vocalists
Nelly Furtado,Canadian
Nelly Furtado,Folk
Nelly Furtado,Singer-songwriter
Ke$ha,Pop
Ke$ha,Dance
Ke$ha,Electropop
Ke$ha,Female vocalists
Ke$ha,Electronic
Madonna,Pop
Madonna,Dance
Madonna,Female vocalists
Madonna,80s
Madonna,Electronic
Daddy Yankee,Reggaeton
Daddy Yankee,Latin
Daddy Yankee,Hip-hop
Daddy Yankee,Spanish
Daddy Yankee,Rap
Locomia,Spanish
Locomia,Electronic
Locomia,80s
Locomia,Rock
Locomia,Funk
Gwen Stefani,Pop
Gwen Stefani,Female vocalists
Gwen Stefani,Dance
Gwen Stefani,Rock
Gwen Stefani,Alternative
t.A.T.u.,Pop
t.A.T.u.,Russian
t.A.T.u.,Female vocalists
t.A.T.u.,Electronic
t.A.T.u.,Dance
Arctic Monkeys,Indie rock
Arctic Monkeys,Indie
Arctic Monkeys,British
Arctic Monkeys,Rock
Arctic Monkeys,Alternative
Lana Del Rey,Female vocalists
Lana Del Rey,Indie
Lana Del Rey,Indie pop
Lana Del Rey,Pop
Lana Del Rey,Alternative
Miami Horror,Electronic
Miami Horror,Synthpop
Miami Horror,Indie
Miami Horror,Australian
Miami Horror,Electro
No Doubt,Rock
No Doubt,Pop
No Doubt,Ska
No Doubt,Alternative
No Doubt,Female vocalists
The Weeknd,Rnb
The Weeknd,Electronic
The Weeknd,Dubstep
The Weeknd,Canadian
The Weeknd,Prog-rnb
Selena Gomez,Pop
Selena Gomez,Female vocalists
Selena Gomez,Disney
Selena Gomez,Pop rock
Selena Gomez,Selena gomez
Imagine Dragons,Indie
Imagine Dragons,Indie rock
Imagine Dragons,Alternative
Imagine Dragons,Rock
Imagine Dragons,Indie pop
Florence + the Machine,Indie
Florence + the Machine,Female vocalists
Florence + the Machine,Alternative
Florence + the Machine,British
Florence + the Machine,Indie pop
Natasha Bedingfield,Pop
Natasha Bedingfield,Female vocalists
Natasha Bedingfield,British
Natasha Bedingfield,Singer-songwriter
Natasha Bedingfield,Female
M.I.A.,Hip-hop
M.I.A.,Electronic
M.I.A.,Female vocalists
M.I.A.,Dance
M.I.A.,Indie
La Roux,Electropop
La Roux,Electronic
La Roux,Synthpop
La Roux,Dance
La Roux,Indietronica
Kings of Leon,Rock
Kings of Leon,Indie
Kings of Leon,Indie rock
Kings of Leon,Alternative
Kings of Leon,Seen live
Foals,Indie
Foals,Math rock
Foals,Indie rock
Foals,British
Foals,Seen live
Franz Ferdinand,Indie
Franz Ferdinand,Indie rock
Franz Ferdinand,Rock
Franz Ferdinand,Alternative
Franz Ferdinand,Seen live
The Kooks,Indie
The Kooks,Indie rock
The Kooks,British
The Kooks,Britpop
The Kooks,Alternative
Bloc Party,Indie
Bloc Party,Indie rock
Bloc Party,Seen live
Bloc Party,Alternative
Bloc Party,British
Broken Bells,Indie
Broken Bells,Experimental
Broken Bells,Indie pop
Broken Bells,Alternative
Broken Bells,Indie rock
Lorde,Pop
Lorde,Indie pop
Lorde,Electronic
Lorde,Indie
Lorde,New zealand
The Strokes,Indie rock
The Strokes,Rock
The Strokes,Indie
The Strokes,Alternative
The Strokes,Alternative rock
Clap Your Hands Say Yeah,Indie
Clap Your Hands Say Yeah,Indie rock
Clap Your Hands Say Yeah,Seen live
Clap Your Hands Say Yeah,Alternative
Clap Your Hands Say Yeah,Indie pop
The Libertines,Indie
The Libertines,Indie rock
The Libertines,British
The Libertines,Rock
The Libertines,Alternative
The Killers,Indie
The Killers,Rock
The Killers,Indie rock
The Killers,Alternative
The Killers,Alternative rock
The Dandy Warhols,Indie
The Dandy Warhols,Rock
The Dandy Warhols,Alternative
The Dandy Warhols,Indie rock
The Dandy Warhols,Alternative rock
The Enemy,Indie
The Enemy,Indie rock
The Enemy,British
The Enemy,Seen live
The Enemy,Rock
Kaiser Chiefs,Indie
Kaiser Chiefs,Indie rock
Kaiser Chiefs,Seen live
Kaiser Chiefs,Britpop
Kaiser Chiefs,Rock
Spoon,Indie
Spoon,Indie rock
Spoon,Seen live
Spoon,Alternative
Spoon,Rock
The Cribs,Indie
The Cribs,Seen live
The Cribs,Indie rock
The Cribs,British
The Cribs,Alternative
The Flaming Lips,Indie
The Flaming Lips,Seen live
The Flaming Lips,Alternative
The Flaming Lips,Indie rock
The Flaming Lips,Rock
The Bravery,Indie
The Bravery,Indie rock
The Bravery,Alternative
The Bravery,Rock
The Bravery,Seen live
TV on the Radio,Indie
TV on the Radio,Indie rock
TV on the Radio,Experimental
TV on the Radio,Seen live
TV on the Radio,Alternative
The Shins,Indie
The Shins,Indie rock
The Shins,Indie pop
The Shins,Alternative
The Shins,Seen live
MGMT,Electronic
MGMT,Indie
MGMT,Psychedelic
MGMT,Alternative
MGMT,Indie pop
Albert Hammond Jr.,Indie rock
Albert Hammond Jr.,Indie
Albert Hammond Jr.,Seen live
Albert Hammond Jr.,Singer-songwriter
Albert Hammond Jr.,Alternative
Friendly Fires,Electronic
Friendly Fires,Indie
Friendly Fires,Seen live
Friendly Fires,New rave
Friendly Fires,Indietronica
Red Wire Black Wire,Indie rock
Red Wire Black Wire,Electropop
Red Wire Black Wire,New york
Red Wire Black Wire,Brooklyn
Red Wire Black Wire,Electro pop
Guided by Voices,Lo-fi
Guided by Voices,Indie rock
Guided by Voices,Indie
Guided by Voices,Rock
Guided by Voices,Alternative
Justice,Electronic
Justice,Electro
Justice,French
Justice,Dance
Justice,Seen live
Glup!,Chile
Glup!,Chilean
Glup!,Pop
Glup!,Rock chileno
Glup!,Alternative
Thalía,Latin
Thalía,Pop
Thalía,Female vocalists
Thalía,Latin pop
Thalía,Spanish
Los Prisioneros,Rock chileno
Los Prisioneros,Rock
Los Prisioneros,Chile
Los Prisioneros,80s
Los Prisioneros,Spanish
Iggy Azalea,Hip-hop
Iggy Azalea,Rap
Iggy Azalea,Pop
Iggy Azalea,Hip hop
Iggy Azalea,Australia
Spice Girls,Pop
Spice Girls,90s
Spice Girls,Female vocalists
Spice Girls,British
Spice Girls,Dance
Jessie J,Pop
Jessie J,British
Jessie J,Female vocalists
Jessie J,Rnb
Jessie J,Singer-songwriter
Fergie,Pop
Fergie,Rnb
Fergie,Female vocalists
Fergie,Hip-hop
Fergie,Dance
Good Shoes,Indie
Good Shoes,British
Good Shoes,Indie rock
Good Shoes,Britpop
Good Shoes,Seen live
Raffaella carrà,Italian
Raffaella carrà,Pop
Raffaella carrà,70s
Raffaella carrà,Female vocalists
Raffaella carrà,80s
Shakira,Pop
Shakira,Latin
Shakira,Female vocalists
Shakira,Spanish
Shakira,Rock
Lady Gaga,Pop
Lady Gaga,Dance
Lady Gaga,Electronic
Lady Gaga,Female vocalists
Lady Gaga,Female vocalist
Yellowcard,Punk rock
Yellowcard,Rock
Yellowcard,Pop punk
Yellowcard,Punk
Yellowcard,Emo
Ra Ra Riot,Indie
Ra Ra Riot,Indie pop
Ra Ra Riot,Indie rock
Ra Ra Riot,Seen live
Ra Ra Riot,Alternative
Blur,Britpop
Blur,Rock
Blur,Indie
Blur,Alternative
Blur,British
The Veronicas,Pop rock
The Veronicas,Pop
The Veronicas,Female vocalists
The Veronicas,Australian
The Veronicas,Rock
Miley Cyrus,Pop
Miley Cyrus,Female vocalists
Miley Cyrus,Disney
Miley Cyrus,Dance
Miley Cyrus,Guilty pleasure
Brand New,Emo
Brand New,Rock
Brand New,Alternative
Brand New,Seen live
Brand New,Indie
Jimmy Eat World,Rock
Jimmy Eat World,Alternative
Jimmy Eat World,Emo
Jimmy Eat World,Alternative rock
Jimmy Eat World,Seen live
Paquita La Del Barrio,Mexico
Paquita La Del Barrio,Latin
Paquita La Del Barrio,Mexican
Paquita La Del Barrio,Ranchera
Paquita La Del Barrio,Pura ranchera
Rihanna,Pop
Rihanna,Rnb
Rihanna,Female vocalists
Rihanna,Dance
Rihanna,Hip-hop
Pet Shop Boys,Synthpop
Pet Shop Boys,80s
Pet Shop Boys,Pop
Pet Shop Boys,Electronic
Pet Shop Boys,New wave
Julieta Venegas,Latin
Julieta Venegas,Pop
Julieta Venegas,Female vocalists
Julieta Venegas,Mexican
Julieta Venegas,Spanish
Katy Perry,Pop
Katy Perry,Female vocalists
Katy Perry,Pop rock
Katy Perry,Indie
Katy Perry,Rock
Jason Derülo,Rnb
Jason Derülo,Pop
Jason Derülo,Male vocalists
Jason Derülo,Urban
Jason Derülo,Jason derulo
Zedd,Electronic
Zedd,Electro house
Zedd,House
Zedd,Electro
Zedd,Dubstep
will.i.am,Hip-hop
will.i.am,Rap
will.i.am,Rnb
will.i.am,Funk
will.i.am,Hip hop
Rudimental,Seen live
Rudimental,Drum and bass
Rudimental,Dubstep
Rudimental,Electronic
Rudimental,British
Carly Rae Jepsen,Pop
Carly Rae Jepsen,Canadian
Carly Rae Jepsen,Female vocalists
Carly Rae Jepsen,Folk
Carly Rae Jepsen,Acoustic
Pedropiedra,Rock chileno
Pedropiedra,Chile
Pedropiedra,Indie
Pedropiedra,Chileno
Pedropiedra,Rock
Christina Milian,Rnb
Christina Milian,Pop
Christina Milian,Female vocalists
Christina Milian,Hip-hop
Christina Milian,Dance
Girls Aloud,Pop
Girls Aloud,British
Girls Aloud,Female vocalists
Girls Aloud,Dance
Girls Aloud,Girl groups
Alessia Cara,Pop
Alessia Cara,Soul
Alessia Cara,Rnb
Alessia Cara,Canadian
Alessia Cara,Female vocalists
The Pussycat Dolls,Pop
The Pussycat Dolls,Rnb
The Pussycat Dolls,Dance
The Pussycat Dolls,Female vocalists
The Pussycat Dolls,Hip-hop
Echo & the Bunnymen,Post-punk
Echo & the Bunnymen,New wave
Echo & the Bunnymen,80s
Echo & the Bunnymen,Alternative
Echo & the Bunnymen,Indie
The B-52's,New wave
The B-52's,80s
The B-52's,Pop
The B-52's,Alternative
The B-52's,Rock
Alphaville,80s
Alphaville,New wave
Alphaville,Synthpop
Alphaville,Pop
Alphaville,Synth pop
A Flock of Seagulls,New wave
A Flock of Seagulls,80s
A Flock of Seagulls,Synthpop
A Flock of Seagulls,New romantic
A Flock of Seagulls,Pop
Depeche Mode,Electronic
Depeche Mode,New wave
Depeche Mode,80s
Depeche Mode,Synth pop
Depeche Mode,Synthpop
Blondie,New wave
Blondie,80s
Blondie,Rock
Blondie,Female vocalists
Blondie,Pop
Soft Cell,New wave
Soft Cell,80s
Soft Cell,Synthpop
Soft Cell,Synth pop
Soft Cell,Electronic
Pulp,Britpop
Pulp,Indie
Pulp,British
Pulp,Alternative
Pulp,Rock
The Human League,New wave
The Human League,80s
The Human League,Synthpop
The Human League,Electronic
The Human League,Synth pop
Morrissey,Indie
Morrissey,Seen live
Morrissey,British
Morrissey,Alternative
Morrissey,Rock
a-ha,80s
a-ha,Pop
a-ha,New wave
a-ha,Norwegian
a-ha,Synth pop
Cher,Pop
Cher,Female vocalists
Cher,80s
Cher,Dance
Cher,Rock
Taio Cruz,Rnb
Taio Cruz,Pop
Taio Cruz,Hip-hop
Taio Cruz,Soul
Taio Cruz,Taio cruz
Mariah Carey,Pop
Mariah Carey,Rnb
Mariah Carey,Female vocalists
Mariah Carey,Soul
Mariah Carey,Mariah carey
Astro,Noise
Astro,Experimental
Astro,Electronic
Astro,Industrial
Astro,Indie
Nicole,Seen live
Nicole,Pop
Nicole,Electronic
Nicole,Indie pop
Nicole,Spanish
Billy Joel,Classic rock
Billy Joel,Singer-songwriter
Billy Joel,Rock
Billy Joel,Pop
Billy Joel,Piano
The All-American Rejects,Rock
The All-American Rejects,Alternative
The All-American Rejects,Pop punk
The All-American Rejects,Emo
The All-American Rejects,Punk
The Pains of Being Pure at Heart,Shoegaze
The Pains of Being Pure at Heart,Indie pop
The Pains of Being Pure at Heart,Dream pop
The Pains of Being Pure at Heart,Seen live
The Pains of Being Pure at Heart,Indie
Rooney,Indie
Rooney,Indie rock
Rooney,Rock
Rooney,Alternative
Rooney,Seen live
Destiny's Child,Rnb
Destiny's Child,Pop
Destiny's Child,Female vocalists
Destiny's Child,Soul
Destiny's Child,Hip-hop
Alanis Morissette,Female vocalists
Alanis Morissette,Rock
Alanis Morissette,Alternative
Alanis Morissette,Singer-songwriter
Alanis Morissette,Pop
Yeah Yeah Yeahs,Indie
Yeah Yeah Yeahs,Indie rock
Yeah Yeah Yeahs,Female vocalists
Yeah Yeah Yeahs,Alternative
Yeah Yeah Yeahs,Rock
Kate Nash,Female vocalists
Kate Nash,British
Kate Nash,Indie
Kate Nash,Singer-songwriter
Kate Nash,Indie pop
Mumm-Ra,Indie
Mumm-Ra,Seen live
Mumm-Ra,British
Mumm-Ra,Indie rock
Mumm-Ra,Alternative
The 1975,Indie
The 1975,Indie rock
The 1975,Seen live
The 1975,British
The 1975,Alternative
Miguel Bosé,Spanish
Miguel Bosé,Pop
Miguel Bosé,Latin pop
Miguel Bosé,Spain
Miguel Bosé,Latin
Margaret Whiting,40s
Margaret Whiting,Jazz
Margaret Whiting,Swing
Margaret Whiting,Female vocalists
Margaret Whiting,Vocalists
The New Birth,Funk
The New Birth,Soul
The New Birth,Yall memba when music was funky
The New Birth,70s
The New Birth,Soul classic
Primal Scream,Rock
Primal Scream,Indie
Primal Scream,Electronic
Primal Scream,Alternative
Primal Scream,Seen live
Bridgit Mendler,Pop
Bridgit Mendler,Disney
Bridgit Mendler,Female vocalists
Bridgit Mendler,Teen pop
Bridgit Mendler,Pop rock
Sara Bareilles,Female vocalists
Sara Bareilles,Pop
Sara Bareilles,Singer-songwriter
Sara Bareilles,Piano
Sara Bareilles,Acoustic
Cher Lloyd,Pop
Cher Lloyd,British
Cher Lloyd,Female vocalists
Cher Lloyd,Rap
Cher Lloyd,Electronic
Ciara,Rnb
Ciara,Hip-hop
Ciara,Pop
Ciara,Female vocalists
Ciara,Dance
Natalia Kills,Pop
Natalia Kills,Female vocalists
Natalia Kills,Dark pop
Natalia Kills,Electronic
Natalia Kills,Electropop
Ashley Tisdale,Pop
Ashley Tisdale,Female vocalists
Ashley Tisdale,Dance
Ashley Tisdale,Disney
Ashley Tisdale,Ashley tisdale
The Walkmen,Seen live
The Walkmen,Indie
The Walkmen,Indie rock
The Walkmen,Rock
The Walkmen,Alternative
Stars,Indie
Stars,Indie pop
Stars,Canadian
Stars,Seen live
Stars,Indie rock
Broken Social Scene,Indie
Broken Social Scene,Indie rock
Broken Social Scene,Canadian
Broken Social Scene,Seen live
Broken Social Scene,Post-rock
Bright Eyes,Indie
Bright Eyes,Singer-songwriter
Bright Eyes,Folk
Bright Eyes,Seen live
Bright Eyes,Indie rock
The Get Up Kids,Emo
The Get Up Kids,Indie
The Get Up Kids,Seen live
The Get Up Kids,Indie rock
The Get Up Kids,Rock
Nada Surf,Indie
Nada Surf,Seen live
Nada Surf,Indie rock
Nada Surf,Alternative
Nada Surf,Rock
Youth Group,Indie
Youth Group,Indie rock
Youth Group,Australian
Youth Group,Seen live
Youth Group,Alternative
The Academy Is...,Emo
The Academy Is...,Indie
The Academy Is...,Alternative
The Academy Is...,Seen live
The Academy Is...,Rock
Never Shout Never,Acoustic
Never Shout Never,Indie
Never Shout Never,Pop
Never Shout Never,Powerpop
Never Shout Never,Emo
Javier Barría,Chile
Javier Barría,Indie
Javier Barría,Songwriter
Javier Barría,Cantautor
Javier Barría,Folk
Odisea,Electronic
Odisea,Indie
Odisea,Chile
Odisea,Chilean
Odisea,Chilean indie
OneRepublic,Rock
OneRepublic,Pop rock
OneRepublic,Alternative
OneRepublic,Alternative rock
OneRepublic,Indie
Vanessa Carlton,Pop
Vanessa Carlton,Female vocalists
Vanessa Carlton,Piano
Vanessa Carlton,Singer-songwriter
Vanessa Carlton,Rock
blink-182,Punk rock
blink-182,Pop punk
blink-182,Punk
blink-182,Rock
blink-182,Alternative
Beyoncé,Rnb
Beyoncé,Pop
Beyoncé,Female vocalists
Beyoncé,Soul
Beyoncé,Hip-hop
Busted,Pop
Busted,British
Busted,Pop rock
Busted,Pop punk
Busted,Rock
Dizzee Rascal,Grime
Dizzee Rascal,Hip-hop
Dizzee Rascal,Seen live
Dizzee Rascal,Rap
Dizzee Rascal,British
OutKast,Hip-hop
OutKast,Rap
OutKast,Funk
OutKast,Hip hop
OutKast,Soul
White Lies,Indie rock
White Lies,Seen live
White Lies,Post-punk
White Lies,British
White Lies,Indie
Rilo Kiley,Indie
Rilo Kiley,Female vocalists
Rilo Kiley,Indie rock
Rilo Kiley,Indie pop
Rilo Kiley,Seen live
Justin Timberlake,Pop
Justin Timberlake,Rnb
Justin Timberlake,Dance
Justin Timberlake,Male vocalists
Justin Timberlake,Hip-hop
Mika,Pop
Mika,British
Mika,Britpop
Mika,Electronic
Mika,Alternative
Fountains of Wayne,Power pop
Fountains of Wayne,Rock
Fountains of Wayne,Alternative
Fountains of Wayne,Indie
Fountains of Wayne,Pop
Amy Winehouse,Soul
Amy Winehouse,Jazz
Amy Winehouse,Female vocalists
Amy Winehouse,British
Amy Winehouse,Singer-songwriter
Jordin Sparks,Pop
Jordin Sparks,Rnb
Jordin Sparks,Female vocalists
Jordin Sparks,American idol
Jordin Sparks,American
Passion Pit,Electronic
Passion Pit,Indie
Passion Pit,Indie pop
Passion Pit,Seen live
Passion Pit,Pop
Jay Farrar,Alt-country
Jay Farrar,Singer-songwriter
Jay Farrar,Americana
Jay Farrar,Country
Jay Farrar,Folk
Wolfman,Indie
Wolfman,Alternative
Wolfman,Indie rock
Wolfman,Rock
Wolfman,Pop
Will Butler,Indie rock
Will Butler,Seen live
Will Butler,Indie
Will Butler,Alternative
Will Butler,Canadian
Sum 41,Punk rock
Sum 41,Punk
Sum 41,Pop punk
Sum 41,Rock
Sum 41,Alternative
Solange,Rnb
Solange,Soul
Solange,Female vocalists
Solange,Pop
Solange,Hip-hop
Selena Gomez & the Scene,Pop
Selena Gomez & the Scene,Female vocalists
Selena Gomez & the Scene,Pop rock
Selena Gomez & the Scene,Disney
Selena Gomez & the Scene,Selena gomez
Kat DeLuna,Rnb
Kat DeLuna,Pop
Kat DeLuna,Female vocalists
Kat DeLuna,Dancehall
Kat DeLuna,Hip-hop
Halsey,Pop
Halsey,Indie
Halsey,Female vocalists
Halsey,Indie pop
Halsey,Electronic
High School Musical,Pop
High School Musical,Soundtrack
High School Musical,Disney
High School Musical,Musical
High School Musical,High school musical
Tila Tequila,Pop
Tila Tequila,Female vocalists
Tila Tequila,Hip-hop
Tila Tequila,Electronic
Tila Tequila,Myspace
Owl City,Electronic
Owl City,Indie
Owl City,Powerpop
Owl City,Electronica
Owl City,Cute
Justin Bieber,Pop
Justin Bieber,Black metal
Justin Bieber,Justin bieber
Justin Bieber,Rnb
Justin Bieber,Hip-hop
Literature,Indie pop
Literature,Power pop
Literature,Seen live
Literature,Jangle pop
Literature,Austin tx
Tony Dize,Reggaeton
Tony Dize,Latin
Tony Dize,Tony dize
Tony Dize,Spanish
Tony Dize,My reggaeton1
De Saloon,Rock chileno
De Saloon,Chile
De Saloon,Rock
De Saloon,Rock en espanol
De Saloon,Chilean
Belanova,Electropop
Belanova,Pop
Belanova,Mexican
Belanova,Electronic
Belanova,Spanish
OK Go,Indie
OK Go,Indie rock
OK Go,Rock
OK Go,Alternative
OK Go,Seen live
Róisín Murphy,Electronic
Róisín Murphy,Female vocalists
Róisín Murphy,Dance
Róisín Murphy,Pop
Róisín Murphy,Seen live
Cansei de Ser Sexy,Electronic
Cansei de Ser Sexy,Indie
Cansei de Ser Sexy,Brazilian
Cansei de Ser Sexy,Female vocalists
Cansei de Ser Sexy,Seen live
Alvvays,Dream pop
Alvvays,Indie pop
Alvvays,Lo-fi
Alvvays,Seen live
Alvvays,Indie
BØRNS,Pop
BØRNS,Seen live
BØRNS,Indie
BØRNS,Folk
BØRNS,Ambient
Duran Duran,New wave
Duran Duran,80s
Duran Duran,Pop
Duran Duran,Synth pop
Duran Duran,Rock
The Pretenders,Rock
The Pretenders,80s
The Pretenders,New wave
The Pretenders,Female vocalists
The Pretenders,Classic rock
New Order,New wave
New Order,Electronic
New Order,Post-punk
New Order,80s
New Order,Alternative
The Smiths,Indie
The Smiths,80s
The Smiths,Post-punk
The Smiths,New wave
The Smiths,Alternative
Paramore,Rock
Paramore,Pop punk
Paramore,Alternative
Paramore,Female vocalists
Paramore,Emo
Shawn Mendes,Pop
Shawn Mendes,Canadian
Shawn Mendes,Folk
Shawn Mendes,Acoustic
Shawn Mendes,Canada
Jonas Blue,Electronic
Jonas Blue,House
Jonas Blue,British
Jonas Blue,Tropical house
Jonas Blue,Jonas blue
Marineros,Chile
Marineros,Lo-fi
Marineros,Indie
Marineros,Pop
Marineros,Indie pop
Supernova,Pop
Supernova,Punk
Supernova,Chile
Supernova,Female vocalists
Supernova,Chilean
Goldspot,Indie
Goldspot,Indie rock
Goldspot,Alternative
Goldspot,Indie pop
Goldspot,Seen live
Sugarcult,Rock
Sugarcult,Punk rock
Sugarcult,Alternative
Sugarcult,Punk
Sugarcult,Emo
Boys Like Girls,Pop punk
Boys Like Girls,Alternative
Boys Like Girls,Rock
Boys Like Girls,Emo
Boys Like Girls,Indie
Black Eyed Peas,Hip-hop
Black Eyed Peas,Pop
Black Eyed Peas,Rnb
Black Eyed Peas,Rap
Black Eyed Peas,Hip hop
Sia,Female vocalists
Sia,Chillout
Sia,Indie
Sia,Trip-hop
Sia,Downtempo
Far East Movement,Hip-hop
Far East Movement,Electronic
Far East Movement,Electro hop
Far East Movement,Rap
Far East Movement,Hip hop
Usher,Rnb
Usher,Hip-hop
Usher,Pop
Usher,Soul
Usher,Rap
Editors,Seen live
Editors,Indie
Editors,Indie rock
Editors,British
Editors,Alternative
Klaxons,New rave
Klaxons,Indie
Klaxons,Electronic
Klaxons,British
Klaxons,Indie rock
Talk Talk,New wave
Talk Talk,Post-rock
Talk Talk,80s
Talk Talk,Synth pop
Talk Talk,Pop
Millionaires,Electronic
Millionaires,Electro
Millionaires,Scene
Millionaires,Dance
Millionaires,Electronica
3OH!3,Electronic
3OH!3,Hip-hop
3OH!3,Electronica
3OH!3,Crunk
3OH!3,Rap
Crystal Castles,Electronic
Crystal Castles,8-bit
Crystal Castles,New rave
Crystal Castles,Electro
Crystal Castles,Seen live
We Are Scientists,Indie
We Are Scientists,Indie rock
We Are Scientists,Seen live
We Are Scientists,Rock
We Are Scientists,Alternative
The Wombats,Indie
The Wombats,Seen live
The Wombats,British
The Wombats,Indie rock
The Wombats,Britpop
Azealia Banks,Hip-hop
Azealia Banks,Rap
Azealia Banks,Electronic
Azealia Banks,Female vocalists
Azealia Banks,Seen live
evening glow,Pop
evening glow,Rock
evening glow,Japanese
evening glow,Punk
evening glow,Folk
Princesa Alba,Trap
Princesa Alba,Chilean
Princesa Alba,Latin urban
Princesa Alba,Feminist
Princesa Alba,Latin trap
Tom Jones,Pop
Tom Jones,Oldies
Tom Jones,Classic rock
Tom Jones,Male vocalists
Tom Jones,Rock
Vicente Fernández,Ranchera
Vicente Fernández,Mariachi
Vicente Fernández,Mexico
Vicente Fernández,Don vicente fernandez
Vicente Fernández,Latin
Albert Neve,House
Albert Neve,All
Albert Neve,Spotify
Albert Neve,Carlos gallardo - secret albert neve remix
Martin Solveig,House
Martin Solveig,Electronic
Martin Solveig,Dance
Martin Solveig,French
Martin Solveig,Club
Disclosure,Electronic
Disclosure,Seen live
Disclosure,Future garage
Disclosure,Uk garage
Disclosure,House
Glasvegas,Seen live
Glasvegas,Indie
Glasvegas,Scottish
Glasvegas,Shoegaze
Glasvegas,Rock
Banque De France,Indie
Sonic Youth,Alternative
Sonic Youth,Experimental
Sonic Youth,Post-punk
Sonic Youth,Indie
Sonic Youth,Seen live
The Pointer Sisters,Disco
The Pointer Sisters,80s
The Pointer Sisters,Pop
The Pointer Sisters,Soul
The Pointer Sisters,Female vocalists
The White Stripes,Rock
The White Stripes,Alternative
The White Stripes,Alternative rock
The White Stripes,Indie
The White Stripes,Indie rock
Beulah,Indie
Beulah,Indie pop
Beulah,Elephant 6
Beulah,Indie rock
Beulah,Lo-fi
The Clash,Punk
The Clash,Punk rock
The Clash,British
The Clash,Rock
The Clash,Classic rock
Tix,Electronic
Tix,Rap
Tix,House
Tix,Norwegian
Tix,Idm
Gabriella Cilmi,Female vocalists
Gabriella Cilmi,Pop
Gabriella Cilmi,Jazz
Gabriella Cilmi,Australian
Gabriella Cilmi,Singer-songwriter
Bendik,Norwegian
Bendik,Seen live
Bendik,Downtempo
Bendik,Dream pop
Bendik,Electronic
The Beatles,Classic rock
The Beatles,Rock
The Beatles,British
The Beatles,60s
The Beatles,Pop
The Jesus and Mary Chain,Shoegaze
The Jesus and Mary Chain,Post-punk
The Jesus and Mary Chain,Alternative
The Jesus and Mary Chain,Indie
The Jesus and Mary Chain,Rock
Violeta Parra,Chile
Violeta Parra,Folk
Violeta Parra,Female vocalists
Violeta Parra,Singer-songwriter
Violeta Parra,Nueva cancion
Bombay Bicycle Club,Indie
Bombay Bicycle Club,British
Bombay Bicycle Club,Indie rock
Bombay Bicycle Club,Seen live
Bombay Bicycle Club,Alternative
Ana Gabriel,Latin
Ana Gabriel,Mexico
Ana Gabriel,Ana gabriel
Ana Gabriel,Female vocalists
Ana Gabriel,Romantica
Catherine Zeta-Jones,Soundtrack
Catherine Zeta-Jones,Female vocalists
Catherine Zeta-Jones,Musicals
Catherine Zeta-Jones,Jazz
Catherine Zeta-Jones,Broadway
Soda Stereo,Rock argentino
Soda Stereo,Rock
Soda Stereo,Rock en espanol
Soda Stereo,80s
Soda Stereo,Argentina
Drake,Hip-hop
Drake,Rap
Drake,Rnb
Drake,Hip hop
Drake,Canadian
Elvis Presley,Rock n roll
Elvis Presley,Classic rock
Elvis Presley,Rock
Elvis Presley,Oldies
Elvis Presley,Rock and roll
Daughtry,Rock
Daughtry,Alternative rock
Daughtry,Alternative
Daughtry,Hard rock
Daughtry,American idol
Simple Plan,Rock
Simple Plan,Pop punk
Simple Plan,Punk rock
Simple Plan,Punk
Simple Plan,Emo
All Time Low,Pop punk
All Time Low,Rock
All Time Low,Powerpop
All Time Low,Seen live
All Time Low,Emo
The Knocks,Electronic
The Knocks,Seen live
The Knocks,Synthpop
The Knocks,Street punk
The Knocks,Indie dance
Icona Pop,Electronic
Icona Pop,Electropop
Icona Pop,Swedish
Icona Pop,Pop
Icona Pop,Synthpop
Four Year Strong,Pop punk
Four Year Strong,Melodic hardcore
Four Year Strong,Hardcore
Four Year Strong,Seen live
Four Year Strong,Beardcore
Mayday Parade,Pop punk
Mayday Parade,Emo
Mayday Parade,Rock
Mayday Parade,Alternative
Mayday Parade,Alternative rock
Escape the Fate,Post-hardcore
Escape the Fate,Screamo
Escape the Fate,Emocore
Escape the Fate,Hardcore
Escape the Fate,Emo
Michael Jackson,Pop
Michael Jackson,80s
Michael Jackson,Dance
Michael Jackson,Soul
Michael Jackson,Funk
Men at Work,80s
Men at Work,New wave
Men at Work,Rock
Men at Work,Australian
Men at Work,Pop
Fleetwood Mac,Classic rock
Fleetwood Mac,Rock
Fleetwood Mac,70s
Fleetwood Mac,Blues
Fleetwood Mac,Pop
Gym Class Heroes,Hip-hop
Gym Class Heroes,Indie
Gym Class Heroes,Alternative
Gym Class Heroes,Seen live
Gym Class Heroes,Rap
Michael Cera,Lo-fi
Michael Cera,Folk
Michael Cera,Indie
Michael Cera,Alternative
Michael Cera,Indie folk
Sonido Gallo Negro,Cumbia
Sonido Gallo Negro,Mexico
Sonido Gallo Negro,Seen live
Sonido Gallo Negro,Instrumental
Sonido Gallo Negro,Alternative
Be Good,Pop
Be Good,Rock
Be Good,Ambient
Be Good,Post-rock
Be Good,Hard rock
Boom Boom Kid,Hardcore
Boom Boom Kid,Punk
Boom Boom Kid,Alternative
Boom Boom Kid,Punk rock
Boom Boom Kid,Argentina
The Cosmetics,Indie
The Cosmetics,Mexico
The Cosmetics,Indie mexico
The Cosmetics,Rock
The Cosmetics,Vive latino
Saba Lou,Pop
Saba Lou,Garage rock
Saba Lou,Ukulele
Anni B Sweet,Folk
Anni B Sweet,Singer-songwriter
Anni B Sweet,Spanish
Anni B Sweet,Female vocalists
Anni B Sweet,Indie
Le Tigre,Indie
Le Tigre,Electronic
Le Tigre,Riot grrrl
Le Tigre,Female vocalists
Le Tigre,Alternative
Stereo Total,Electronic
Stereo Total,French
Stereo Total,Seen live
Stereo Total,Indie
Stereo Total,Pop
Tove Lo,Pop
Tove Lo,Swedish
Tove Lo,Electronic
Tove Lo,Female vocalists
Tove Lo,Indie
Kylie Minogue,Pop
Kylie Minogue,Dance
Kylie Minogue,Female vocalists
Kylie Minogue,Australian
Kylie Minogue,Electronic
Alexis & Fido,Reggaeton
Alexis & Fido,Latin
Alexis & Fido,Puerto rico
Alexis & Fido,Alexis y fido
Alexis & Fido,Alexis  fido
Good Charlotte,Punk rock
Good Charlotte,Rock
Good Charlotte,Pop punk
Good Charlotte,Punk
Good Charlotte,Alternative
Ying Yang Twins,Rap
Ying Yang Twins,Hip-hop
Ying Yang Twins,Crunk
Ying Yang Twins,Dirty south
Ying Yang Twins,Hip hop
The Notorious B.I.G.,Hip-hop
The Notorious B.I.G.,Rap
The Notorious B.I.G.,Gangsta rap
The Notorious B.I.G.,East coast rap
The Notorious B.I.G.,Hip hop
Sean Kingston,Rnb
Sean Kingston,Hip-hop
Sean Kingston,Reggae
Sean Kingston,Pop
Sean Kingston,Hip hop
Jason Mraz,Singer-songwriter
Jason Mraz,Acoustic
Jason Mraz,Pop
Jason Mraz,Alternative
Jason Mraz,Rock
Pitbull,Hip-hop
Pitbull,Rap
Pitbull,Reggaeton
Pitbull,Hip hop
Pitbull,Crunk
Chris Brown,Rnb
Chris Brown,Hip-hop
Chris Brown,Chris brown
Chris Brown,Rap
Chris Brown,Hip hop
Fall Out Boy,Pop punk
Fall Out Boy,Rock
Fall Out Boy,Emo
Fall Out Boy,Alternative
Fall Out Boy,Punk
Emilia,Pop
Emilia,Female vocalists
Emilia,Swedish
Emilia,90s
Emilia,Ballad
Musique Le Pop,Norwegian
Musique Le Pop,Electronica
Musique Le Pop,Pop
Willow Smith,Pop
Willow Smith,Rnb
Willow Smith,Female vocalists
Willow Smith,Dance
Willow Smith,Hip-hop
The Section Quartet,Instrumental
The Section Quartet,Classical
The Section Quartet,Covers
The Section Quartet,Orchestral
The Section Quartet,Alternative
Alesso,House
Alesso,Progressive house
Alesso,Electronic
Alesso,Swedish
Alesso,Dance
The Saturdays,Pop
The Saturdays,British
The Saturdays,Female vocalists
The Saturdays,Girl groups
The Saturdays,Girl band
Alex & Daniel,Chile
Alex & Daniel,Seen live
Alex & Daniel,Indie
Alex & Daniel,Pop
Alex & Daniel,Alternative
Orchestral Manoeuvres in the Dark,New wave
Orchestral Manoeuvres in the Dark,80s
Orchestral Manoeuvres in the Dark,Synthpop
Orchestral Manoeuvres in the Dark,Electronic
Orchestral Manoeuvres in the Dark,Synth pop
Dead or Alive,New wave
Dead or Alive,80s
Dead or Alive,Synthpop
Dead or Alive,Pop
Dead or Alive,Dance
Frankie Goes to Hollywood,80s
Frankie Goes to Hollywood,New wave
Frankie Goes to Hollywood,Pop
Frankie Goes to Hollywood,British
Frankie Goes to Hollywood,Dance
The Smashing Pumpkins,Alternative rock
The Smashing Pumpkins,Rock
The Smashing Pumpkins,Alternative
The Smashing Pumpkins,Grunge
The Smashing Pumpkins,90s
The La's,Britpop
The La's,Indie
The La's,British
The La's,Rock
The La's,Indie rock
Pixies,Alternative
Pixies,Indie
Pixies,Rock
Pixies,Alternative rock
Pixies,Indie rock
Yazoo,80s
Yazoo,New wave
Yazoo,Synthpop
Yazoo,Electronic
Yazoo,Synth pop
Simple Minds,New wave
Simple Minds,80s
Simple Minds,Rock
Simple Minds,Pop
Simple Minds,Alternative
Cold War Kids,Indie
Cold War Kids,Indie rock
Cold War Kids,Seen live
Cold War Kids,Alternative
Cold War Kids,Rock
Bastille,Indie
Bastille,Electronic
Bastille,Alternative
Bastille,British
Bastille,Seen live
Ed Sheeran,Acoustic
Ed Sheeran,British
Ed Sheeran,Singer-songwriter
Ed Sheeran,Easy-listening
Ed Sheeran,Grime
NONONO,Electronic
NONONO,Indie pop
NONONO,Indie
NONONO,Swedish
NONONO,Pop
Iron & Wine,Folk
Iron & Wine,Indie
Iron & Wine,Singer-songwriter
Iron & Wine,Acoustic
Iron & Wine,Indie rock
Ben Gibbard,Indie
Ben Gibbard,Singer-songwriter
Ben Gibbard,Acoustic
Ben Gibbard,Seen live
Ben Gibbard,Indie rock
Hot Rod,Rap
Hot Rod,Hip-hop
Hot Rod,G-unit
Hot Rod,G-unit records
Hot Rod,Hip hop
Aqua,Pop
Aqua,Dance
Aqua,Eurodance
Aqua,90s
Aqua,Europop
Jimmy Somerville,80s
Jimmy Somerville,Pop
Jimmy Somerville,Electronic
Jimmy Somerville,Synth pop
Jimmy Somerville,Synthpop
Belinda Carlisle,Pop
Belinda Carlisle,80s
Belinda Carlisle,Female vocalists
Belinda Carlisle,New wave
Belinda Carlisle,Female
ABC,80s
ABC,New wave
ABC,New romantic
ABC,Pop
ABC,Synth pop
Tears for Fears,New wave
Tears for Fears,80s
Tears for Fears,Pop
Tears for Fears,Synth pop
Tears for Fears,Rock
Johnny Cash,Country
Johnny Cash,Folk
Johnny Cash,Singer-songwriter
Johnny Cash,Classic rock
Johnny Cash,Rock
Dromedarios Mágicos,Indie
Dromedarios Mágicos,Rock
Dromedarios Mágicos,Alternative
Dromedarios Mágicos,Folk
Dromedarios Mágicos,Lo-fi
Mykki Blanco,Seen live
Mykki Blanco,Hip-hop
Mykki Blanco,Rap
Mykki Blanco,Queer
Mykki Blanco,Swag
Ruzzi,Indie
Ruzzi,Latin pop
Cholita Sound,Cumbia
Cholita Sound,Indie
Cholita Sound,Alternative
Cholita Sound,Electro
Cholita Sound,Chile
Chetes,Rock en español
Chetes,Pop rock
Chetes,Mexico
Chetes,Indie
Chetes,Mexican rock
Ruido Rosa,Rock
Ruido Rosa,Indie
Ruido Rosa,Seen live
Ruido Rosa,Female vocalists
Ruido Rosa,Hard rock
Mon Laferte,Pop rock
Mon Laferte,Female vocalists
Mon Laferte,Latin
Mon Laferte,Chile
Mon Laferte,Rock
Marina & the Diamonds,Female vocalists
Marina & the Diamonds,Indie pop
Marina & the Diamonds,Indie
Marina & the Diamonds,British
Marina & the Diamonds,Electronic
tUnE-yArDs,Experimental
tUnE-yArDs,Seen live
tUnE-yArDs,Freak folk
tUnE-yArDs,Indie
tUnE-yArDs,Folk
Sugababes,Pop
Sugababes,Female vocalists
Sugababes,British
Sugababes,Dance
Sugababes,Rnb
Palito Ortega,60s
Palito Ortega,Romanticas
Palito Ortega,Pop
Palito Ortega,Punk
Palito Ortega,Male vocalists
Big Big Love,Alternative rock
Big Big Love,Seen live
Big Big Love,Indie rock
Big Big Love,Mexican
Big Big Love,Under 2000 listeners
Denise Rosenthal,Chile
Denise Rosenthal,Pop
Denise Rosenthal,Pelolais
Denise Rosenthal,Female vocalists
Denise Rosenthal,Que ondis
Elandh,Chillwave
Elandh,Electronic
Elandh,Electropop
Elandh,Indie
Elandh,Alternative
Yuri,Pop
Yuri,80s
Yuri,Yuri
Yuri,Spanish
Yuri,Mexico
Kasabian,Indie
Kasabian,Indie rock
Kasabian,British
Kasabian,Alternative
Kasabian,Rock
Janet Jackson,Pop
Janet Jackson,Rnb
Janet Jackson,Female vocalists
Janet Jackson,Dance
Janet Jackson,Soul
Sophie Ellis-Bextor,Pop
Sophie Ellis-Bextor,Dance
Sophie Ellis-Bextor,Female vocalists
Sophie Ellis-Bextor,British
Sophie Ellis-Bextor,Electronic
Kali Mutsa,Chile
Kali Mutsa,Electronic
Kali Mutsa,Freak folk
Kali Mutsa,Female vocalists
Kali Mutsa,Pop
Clubfeet,Synthpop
Clubfeet,Electronic
Clubfeet,Electropop
Clubfeet,Disco
Clubfeet,New wave
DJ Snake,Electronic
DJ Snake,Trap
DJ Snake,Dance
DJ Snake,Edm
DJ Snake,Seen live
Au Pairs,Post-punk
Au Pairs,New wave
Au Pairs,Female vocalists
Au Pairs,Punk
Au Pairs,Post punk
Whitney Houston,Pop
Whitney Houston,Female vocalists
Whitney Houston,Soul
Whitney Houston,Rnb
Whitney Houston,80s
Cyndi Lauper,80s
Cyndi Lauper,Pop
Cyndi Lauper,Female vocalists
Cyndi Lauper,New wave
Cyndi Lauper,Rock
Django Django,Seen live
Django Django,Psychedelic
Django Django,Indie
Django Django,Experimental
Django Django,British
Hot Chip,Electronic
Hot Chip,Seen live
Hot Chip,Indie
Hot Chip,Electropop
Hot Chip,Electronica
Gypsy & The Cat,Indie
Gypsy & The Cat,Electronic
Gypsy & The Cat,Australian
Gypsy & The Cat,Electropop
Gypsy & The Cat,Indie pop
Diego Lorenzini,Indie
Diego Lorenzini,Chile
Kids of 88,Electronic
Kids of 88,Indie
Kids of 88,New wave
Kids of 88,Electroclash
Kids of 88,Electro
TOMASA DEL REAL,Reggaeton
TOMASA DEL REAL,Latin
TOMASA DEL REAL,Chile
TOMASA DEL REAL,Neoperreo
TOMASA DEL REAL,Hip-hop
MUJER LUNA BELLA,Latin pop
Echosmith,Indie
Echosmith,Pop
Echosmith,Indie pop
Echosmith,Alternative
Echosmith,American
Namuel,Pop
Namuel,Indie
Namuel,Indie pop
Namuel,Chile
Namuel,Under 2000 listeners
Los Jaivas,Progressive rock
Los Jaivas,Chile
Los Jaivas,Rock chileno
Los Jaivas,Folk
Los Jaivas,Rock
Portugal. The Man,Experimental
Portugal. The Man,Indie
Portugal. The Man,Seen live
Portugal. The Man,Indie rock
Portugal. The Man,Progressive
The Police,Rock
The Police,Classic rock
The Police,80s
The Police,New wave
The Police,Pop
Protistas,Chile
Protistas,Indie
Protistas,Lo-fi
Protistas,Alternative rock
Protistas,Seen live
Hailee Steinfeld,Pop
Hailee Steinfeld,Female vocalists
Hailee Steinfeld,Dance
Hailee Steinfeld,Teen pop
Hailee Steinfeld,American
La Ley,Rock en espanol
La Ley,Latin rock
La Ley,Chile
La Ley,Rock
La Ley,Spanish
Los Lobos,Latin
Los Lobos,Rock
Los Lobos,Tex-mex
Los Lobos,Spanish
Los Lobos,Americana
Mystery Jets,Indie
Mystery Jets,Seen live
Mystery Jets,Indie rock
Mystery Jets,British
Mystery Jets,Alternative
Nouvelle Vague,Bossa nova
Nouvelle Vague,French
Nouvelle Vague,Female vocalists
Nouvelle Vague,Chillout
Nouvelle Vague,Indie
The Ettes,Garage rock
The Ettes,Female vocalists
The Ettes,Indie rock
The Ettes,Seen live
The Ettes,Rock
Timbaland,Hip-hop
Timbaland,Rnb
Timbaland,Rap
Timbaland,Pop
Timbaland,Hip hop
Motörhead,Heavy metal
Motörhead,Hard rock
Motörhead,Metal
Motörhead,Speed metal
Motörhead,Seen live
Max Richter,Ambient
Max Richter,Contemporary classical
Max Richter,Neoclassical
Max Richter,Classical
Max Richter,Electronic
NSM PSM,Karim gonzalez
NSM PSM,Nsm psm
NSM PSM,Pato watson
NSM PSM,Kay
NSM PSM,Clap your brains off
Edgar Van De Wingard,Spanish
Edgar Van De Wingard,Electronic
Edgar Van De Wingard,Pop
Edgar Van De Wingard,Dance
Edgar Van De Wingard,Chile
Susanna and the Magical Orchestra,Jazz
Susanna and the Magical Orchestra,Female vocalists
Susanna and the Magical Orchestra,Electronic
Susanna and the Magical Orchestra,Norwegian
Susanna and the Magical Orchestra,Ambient
Twin Shadow,Seen live
Twin Shadow,Electronic
Twin Shadow,Dream pop
Twin Shadow,New wave
Twin Shadow,Lo-fi
Kendrick Lamar,Hip-hop
Kendrick Lamar,Rap
Kendrick Lamar,Seen live
Kendrick Lamar,West coast
Kendrick Lamar,California
Phantogram,Trip-hop
Phantogram,Electronic
Phantogram,Indie
Phantogram,Experimental
Phantogram,Seen live
Sleigh Bells,Electronic
Sleigh Bells,Noise pop
Sleigh Bells,Lo-fi
Sleigh Bells,Experimental
Sleigh Bells,Seen live
The War on Drugs,Indie rock
The War on Drugs,Seen live
The War on Drugs,Indie
The War on Drugs,Folk
The War on Drugs,Folk rock
Hayley Kiyoko,Pop
Hayley Kiyoko,Indie
Hayley Kiyoko,Female vocalists
Hayley Kiyoko,Alternative
Hayley Kiyoko,Rock
Paulina Rubio,Latin
Paulina Rubio,Pop
Paulina Rubio,Latin pop
Paulina Rubio,Female vocalists
Paulina Rubio,Dance
Daniela Romo,Mexico
Daniela Romo,Daniela romo
Daniela Romo,Latin
Daniela Romo,80s
Daniela Romo,Pop
La La Land Cast,Jazz
La La Land Cast,Soundtrack
La La Land Cast,Swing
La La Land Cast,United states
DJ Antoine,House
DJ Antoine,Dance
DJ Antoine,Electronic
DJ Antoine,Club
DJ Antoine,Trance
Tiësto,Trance
Tiësto,Electronic
Tiësto,Dance
Tiësto,Techno
Tiësto,Electronica
Axwell /\ Ingrosso,Dance
Axwell /\ Ingrosso,Swedish
Axwell /\ Ingrosso,House
Axwell /\ Ingrosso,Electronic
Axwell /\ Ingrosso,Techno
Eminem,Rap
Eminem,Hip-hop
Eminem,Eminem
Eminem,Hip hop
Eminem,Pop
Felix Jaehn,House
Felix Jaehn,Electronic
Felix Jaehn,Melodic house
Felix Jaehn,German
Felix Jaehn,Dance
NEIKED,Indie
NEIKED,Pop
NEIKED,Swedish
DNCE,Pop
DNCE,Pop rock
DNCE,Dance
DNCE,American
DNCE,Funk
Justin Hurwitz,Jazz
Justin Hurwitz,Soundtrack
Justin Hurwitz,Composer
Justin Hurwitz,Neo-swing
Justin Hurwitz,Instrumental
Ryan Gosling,Singer-songwriter
Ryan Gosling,Please let me lick you
Ryan Gosling,Canadian
Ryan Gosling,Actor
Ryan Gosling,Pop
Major Lazer,Seen live
Major Lazer,Dancehall
Major Lazer,Electronic
Major Lazer,Reggae
Major Lazer,Dub
Nicole Reynolds,Folk
Nicole Reynolds,Female vocalists
Nicole Reynolds,Singer-songwriter
Nicole Reynolds,Indie rock
Nicole Reynolds,Lo-fi
Capital Cities,Electronic
Capital Cities,Indie
Capital Cities,Electropop
Capital Cities,Pop
Capital Cities,Rock
Johnny Green,Soundtrack
Johnny Green,Musicals
Johnny Green,Musical
Johnny Green,Under 2000 listeners
Johnny Green,All
Calvin Harris,Electronic
Calvin Harris,Dance
Calvin Harris,Electro
Calvin Harris,Disco
Calvin Harris,Seen live
Upa!,Rock chileno
Upa!,Chile
Upa!,Spanish
Upa!,80s
Upa!,Rock
Basto,House
Basto,Dance
Basto,Trance
Basto,Post-rock
Basto,Electronic
Dillon Francis,Moombahton
Dillon Francis,Dubstep
Dillon Francis,Electro house
Dillon Francis,Seen live
Dillon Francis,Electro
Cheat Codes,Pop
Cheat Codes,Tropical house
Cheat Codes,Electronic
Cheat Codes,Dance
Cheat Codes,Edm
Years & Years,Electronic
Years & Years,Indie
Years & Years,British
Years & Years,Electropop
Years & Years,Seen live
Moby,Electronic
Moby,Ambient
Moby,Chillout
Moby,Alternative
Moby,Electronica
Marsal Ventura,Dance
Marsal Ventura,House
Marsal Ventura,Spain
Marsal Ventura,Male vocalists
Marsal Ventura,All
Jax Jones,Electronic
Jax Jones,Dance
Jax Jones,Pop
Jax Jones,British
Jax Jones,Born in the 80s
Tungevaag & Raaban,Norwegian
Tungevaag & Raaban,Electronic
Tungevaag & Raaban,Seen live
Tungevaag & Raaban,Swedish
Tungevaag & Raaban,Dance
Cid,Electronic
Cid,Metalcore
Cid,Seen live
Cid,Usa
Cid,Electro house
Pep & Rash,Future house
Pep & Rash,Electronic
Pep & Rash,House
Pep & Rash,Dutch
Pep & Rash,All
Florian Picasso,Electro house
Kilian & Jo,Electronica
Kilian & Jo,Pop
South,Indie
South,Indie rock
South,Alternative
South,Britpop
South,Rock
BlasterJaxx,House
BlasterJaxx,Electro house
BlasterJaxx,Electronic
BlasterJaxx,Dutch house
BlasterJaxx,Psychedelic
INXS,Rock
INXS,80s
INXS,New wave
INXS,Australian
INXS,Pop
Jack Ü,Electronic
Jack Ü,Trap
Jack Ü,Dance
Jack Ü,Edm
Jack Ü,Dubstep
ZL-Project,Norwegian
ZL-Project,Russ
Belinda,Pop
Belinda,Latin
Belinda,Female vocalists
Belinda,Spanish
Belinda,Latin pop
Deorro,House
Deorro,Dance
Deorro,Electronic
Deorro,Progressive house
Deorro,Club
Vinn!E,Trance
Vinn!E,Hip-hop
Vinn!E,Jazz
Vinn!E,Rap
Vinn!E,Piano
Firebeatz,Electronic
Firebeatz,Dubstep
Firebeatz,Electro house
Firebeatz,Seen live
Firebeatz,Electro
Axwell,House
Axwell,Dance
Axwell,Electronic
Axwell,Club
Axwell,Swedish
Cash Cash,Powerpop
Cash Cash,Electronic
Cash Cash,Pop
Cash Cash,Electronica
Cash Cash,New wave
Portugal,Indie rock
Portugal,Indie
Portugal,Chile
Portugal,Rock
Portugal,Hola
Natalia Oreiro,Latin
Natalia Oreiro,Pop
Natalia Oreiro,Female vocalists
Natalia Oreiro,Latin pop
Natalia Oreiro,Spanish
Richard Armitage,Soundtrack
Richard Armitage,Audiobook
Richard Armitage,Ost
Richard Armitage,Lord of the rings
Richard Armitage,English
Michael Bublé,Jazz
Michael Bublé,Swing
Michael Bublé,Easy listening
Michael Bublé,Pop
Michael Bublé,Canadian
La Tigresa del Oriente,Diva
La Tigresa del Oriente,Peru
La Tigresa del Oriente,Avantgarde
La Tigresa del Oriente,Cumbia
La Tigresa del Oriente,Wtf
Adele,Soul
Adele,Female vocalists
Adele,British
Adele,Singer-songwriter
Adele,Indie
The Sea and Cake,Indie
The Sea and Cake,Post-rock
The Sea and Cake,Indie rock
The Sea and Cake,Indie pop
The Sea and Cake,Seen live
The Cardigans,Pop
The Cardigans,Rock
The Cardigans,Female vocalists
The Cardigans,Swedish
The Cardigans,Alternative
Minnie Riperton,Soul
Minnie Riperton,Female vocalists
Minnie Riperton,Funk
Minnie Riperton,Jazz
Minnie Riperton,Oldies
Maroon 5,Rock
Maroon 5,Pop
Maroon 5,Pop rock
Maroon 5,Alternative
Maroon 5,Alternative rock
National Anthem,National
National Anthem,Classical
National Anthem,Patriotic
National Anthem,Instrumental
National Anthem,Epic
Barry White,Soul
Barry White,Funk
Barry White,Disco
Barry White,Rnb
Barry White,Pop
Alexandra Burke,Pop
Alexandra Burke,Rnb
Alexandra Burke,Female vocalists
Alexandra Burke,British
Alexandra Burke,Soul
All Saints,Pop
All Saints,Female vocalists
All Saints,British
All Saints,90s
All Saints,Britpop
Eve,Hip-hop
Eve,Rap
Eve,Hip hop
Eve,Female vocalists
Eve,Rnb
Gloria Estefan,Latin
Gloria Estefan,Pop
Gloria Estefan,Female vocalists
Gloria Estefan,80s
Gloria Estefan,Latin pop
Original Motion Picture Soundtrack,Soundtrack
Original Motion Picture Soundtrack,Original motion picture soundtrack
Original Motion Picture Soundtrack,American
Original Motion Picture Soundtrack,Thomas newman
Original Motion Picture Soundtrack,Trance
Joseph Arthur,Singer-songwriter
Joseph Arthur,Indie
Joseph Arthur,Alternative
Joseph Arthur,Folk
Joseph Arthur,Indie rock
Frankie Valli,Oldies
Frankie Valli,60s
Frankie Valli,Classic rock
Frankie Valli,Swing
Frankie Valli,Jazz
The Piano Guys,Instrumental
The Piano Guys,Piano
The Piano Guys,Classical
The Piano Guys,Contemporary classical
The Piano Guys,Cover
Yo-Yo Ma,Classical
Yo-Yo Ma,Cello
Yo-Yo Ma,Instrumental
Yo-Yo Ma,Contemporary classical
Yo-Yo Ma,Baroque
John Barry,Soundtrack
John Barry,Instrumental
John Barry,Classical
John Barry,Composer
John Barry,Composers
Die Antwoord,Hip-hop
Die Antwoord,Rap
Die Antwoord,Seen live
Die Antwoord,Afrikaans
Die Antwoord,Next level beats
The Fratellis,Indie
The Fratellis,Indie rock
The Fratellis,British
The Fratellis,Rock
The Fratellis,Alternative
Ladyhawke,Electronic
Ladyhawke,Indie
Ladyhawke,Female vocalists
Ladyhawke,New wave
Ladyhawke,Synth
Lasgo,Dance
Lasgo,Trance
Lasgo,Electronic
Lasgo,Vocal trance
Lasgo,Female vocalists
Morning Runner,Indie
Morning Runner,Indie rock
Morning Runner,Alternative
Morning Runner,British
Morning Runner,Seen live
Walk the Moon,Indie rock
Walk the Moon,Indie
Walk the Moon,Indie pop
Walk the Moon,American
Walk the Moon,Seen live
The Drums,Indie
The Drums,Indie rock
The Drums,Indie pop
The Drums,Surf rock
The Drums,Seen live
Arcade Fire,Indie
Arcade Fire,Indie rock
Arcade Fire,Alternative
Arcade Fire,Canadian
Arcade Fire,Seen live
The Black Keys,Blues rock
The Black Keys,Blues
The Black Keys,Rock
The Black Keys,Indie
The Black Keys,Indie rock
Grizzly Bear,Indie
Grizzly Bear,Experimental
Grizzly Bear,Folk
Grizzly Bear,Seen live
Grizzly Bear,Lo-fi
Tame Impala,Psychedelic rock
Tame Impala,Psychedelic
Tame Impala,Indie rock
Tame Impala,Seen live
Tame Impala,Australian
R.E.M.,Rock
R.E.M.,Alternative rock
R.E.M.,Alternative
R.E.M.,Indie
R.E.M.,Seen live
alt-J,Indie
alt-J,Electronic
alt-J,Seen live
alt-J,British
alt-J,Alternative
The xx,Indie
The xx,Electronic
The xx,British
The xx,Post-punk
The xx,Seen live
The National,Seen live
The National,Indie rock
The National,Indie
The National,Alternative
The National,Rock
Holden,French
Holden,Electronic
Holden,Indie
Holden,Female vocalists
Holden,Indie pop
Mogwai,Post-rock
Mogwai,Instrumental
Mogwai,Seen live
Mogwai,Indie
Mogwai,Alternative
BORAJ,Pop
BORAJ,Folk
BORAJ,Folk rock
BORAJ,Chile
BORAJ,Folk pop
Set Fire to Flames,Post-rock
Set Fire to Flames,Experimental
Set Fire to Flames,Ambient
Set Fire to Flames,Instrumental
Set Fire to Flames,Post rock
A Silver Mt. Zion,Post-rock
A Silver Mt. Zion,Experimental
A Silver Mt. Zion,Instrumental
A Silver Mt. Zion,Ambient
A Silver Mt. Zion,Post rock
Bee Gees,Disco
Bee Gees,Pop
Bee Gees,70s
Bee Gees,Classic rock
Bee Gees,Oldies
Dominique Young Unique,Seen live
Dominique Young Unique,Rap
Dominique Young Unique,Hip-hop
Dominique Young Unique,Electro
Dominique Young Unique,Hip hop
Prehistöricos,Indie folk
Prehistöricos,Indie pop
Prehistöricos,Indie
Prehistöricos,Acoustic
Prehistöricos,Chile
The Ting Tings,Indie
The Ting Tings,Electronic
The Ting Tings,British
The Ting Tings,Electropop
The Ting Tings,Female vocalists
Alex Gaudino,House
Alex Gaudino,Dance
Alex Gaudino,Electronic
Alex Gaudino,Club
Alex Gaudino,Electronica
Lykke Li,Indie pop
Lykke Li,Female vocalists
Lykke Li,Swedish
Lykke Li,Electronic
Lykke Li,Pop
Meghan Trainor,Pop
Meghan Trainor,Soul
Meghan Trainor,Female vocalists
Meghan Trainor,American
Meghan Trainor,Jazz
Lukas Graham,Pop
Lukas Graham,Soul
Lukas Graham,Danish
Lukas Graham,Seen live
Lukas Graham,Retro pop
Coldplay,Rock
Coldplay,Alternative
Coldplay,Britpop
Coldplay,Alternative rock
Coldplay,Indie
Omi,Reggae
Omi,Hardcore
Omi,Electronic
Omi,Dance
Omi,Jamaican
Macklemore & Ryan Lewis,Hip-hop
Macklemore & Ryan Lewis,Rap
Macklemore & Ryan Lewis,Seen live
Macklemore & Ryan Lewis,Underground hip-hop
Macklemore & Ryan Lewis,Underground rap
Fetty Wap,Hip-hop
Fetty Wap,Rap
Fetty Wap,Trap
Fetty Wap,Rnb
Fetty Wap,Hip hop
Gloria Estefan and Miami Sound Machine,Pop
Gloria Estefan and Miami Sound Machine,80s
Gloria Estefan and Miami Sound Machine,Dance
Gloria Estefan and Miami Sound Machine,Florida
Gloria Estefan and Miami Sound Machine,Female vocalists
Crystal Fighters,Seen live
Crystal Fighters,Electronic
Crystal Fighters,Dance-punk
Crystal Fighters,Electro
Crystal Fighters,Spanish
S Club 7,Pop
S Club 7,British
S Club 7,Dance
S Club 7,90s
S Club 7,Female vocalists
P!nk,Pop
P!nk,Pop rock
P!nk,Female vocalists
P!nk,Rock
P!nk,Female
The Chainsmokers,Electronic
The Chainsmokers,Pop
The Chainsmokers,House
The Chainsmokers,Electro house
The Chainsmokers,Dance
Neon Jungle,Dance
Neon Jungle,Electronic
Neon Jungle,Rnb
Neon Jungle,Pop
Neon Jungle,British
ABBA,Pop
ABBA,Disco
ABBA,70s
ABBA,Swedish
ABBA,80s
Cheryl,Pop
Cheryl,Female vocalists
Cheryl,British
Cheryl,Dance
Cheryl,Cheryl cole
Nicole Scherzinger,Pop
Nicole Scherzinger,Rnb
Nicole Scherzinger,Female vocalists
Nicole Scherzinger,Hip-hop
Nicole Scherzinger,Sexy
Alexis Jordan,Pop
Alexis Jordan,Dance
Alexis Jordan,Rnb
Alexis Jordan,Female vocalist
Alexis Jordan,Female vocalists
Little Mix,Pop
Little Mix,British
Little Mix,Female vocalists
Little Mix,Girl groups
Little Mix,X factor
Avril Lavigne,Pop
Avril Lavigne,Pop rock
Avril Lavigne,Rock
Avril Lavigne,Female vocalists
Avril Lavigne,Canadian
The Weather Girls,Disco
The Weather Girls,Pop
The Weather Girls,80s
The Weather Girls,Soul
The Weather Girls,Female vocalists
Elektra,Alternative rock
Elektra,Electronic
Elektra,Spanish rock
Elektra,Rock
Elektra,Seen live
Shania Twain,Country
Shania Twain,Pop
Shania Twain,Female vocalists
Shania Twain,Canadian
Shania Twain,Shania twain
Backstreet Boys,Pop
Backstreet Boys,Boybands
Backstreet Boys,90s
Backstreet Boys,Backstreet boys
Backstreet Boys,Seen live
Peter Andre,Pop
Peter Andre,Male vocalists
Peter Andre,Technical progressive death metal
Peter Andre,Australian
Peter Andre,Male
McFly,Pop rock
McFly,British
McFly,Pop
McFly,Rock
McFly,Britpop
LMFAO,Electronic
LMFAO,Hip-hop
LMFAO,Electro
LMFAO,Crunk
LMFAO,Hip hop
Flo Rida,Hip-hop
Flo Rida,Rap
Flo Rida,Hip hop
Flo Rida,Dirty south
Flo Rida,Southern rap
Eric Prydz,House
Eric Prydz,Dance
Eric Prydz,Electronic
Eric Prydz,Trance
Eric Prydz,Techno
Inna,Dance
Inna,Electronic
Inna,House
Inna,Trance
Inna,Inna
Scissor Sisters,Pop
Scissor Sisters,Dance
Scissor Sisters,Electronic
Scissor Sisters,Seen live
Scissor Sisters,Glam rock
Lilly Wood & The Prick,French
Lilly Wood & The Prick,Indie
Lilly Wood & The Prick,Indie pop
Lilly Wood & The Prick,Folk
Lilly Wood & The Prick,Female vocalists
Neven,Electro
Neven,Belgian
Neven,Nu jazz
Neven,Electronic
Neven,90s
Olivia Newton-John,Pop
Olivia Newton-John,Female vocalists
Olivia Newton-John,80s
Olivia Newton-John,70s
Olivia Newton-John,Country
Nick Jonas,Pop
Nick Jonas,Pop rock
Nick Jonas,Jonas brothers
Nick Jonas,Nick jonas
Nick Jonas,Disney
Manolo Muñoz,Mexico
Manolo Muñoz,Rock
Manolo Muñoz,Latin
Manolo Muñoz,Oldies
Manolo Muñoz,Latino
Sir Neville Marriner,Classical
Sir Neville Marriner,Conductor
Sir Neville Marriner,Opera
Sir Neville Marriner,Classic
Sir Neville Marriner,German
Esmée Denters,Pop
Esmée Denters,Rnb
Esmée Denters,Female vocalists
Esmée Denters,Dance
Esmée Denters,Dutch
Fother Muckers,Indie rock
Fother Muckers,Chile
Fother Muckers,Rock chileno
Fother Muckers,Indie
Fother Muckers,Rock n roll
Gloria Gaynor,Disco
Gloria Gaynor,70s
Gloria Gaynor,Female vocalists
Gloria Gaynor,Pop
Gloria Gaynor,Soul
Hear'Say,Pop
Hear'Say,British
Hear'Say,00s
Hear'Say,Seen live
Hear'Say,Uk
Daft Punk,Electronic
Daft Punk,Dance
Daft Punk,House
Daft Punk,Electronica
Daft Punk,Techno
Goldfrapp,Electronic
Goldfrapp,Trip-hop
Goldfrapp,Female vocalists
Goldfrapp,Electronica
Goldfrapp,Dance
Loreen,Pop
Loreen,Swedish
Loreen,Female vocalists
Loreen,Eurovision
Loreen,Dance
A.R. Rahman,Soundtrack
A.R. Rahman,Bollywood
A.R. Rahman,Indian
A.R. Rahman,Hindi
A.R. Rahman,A r rahman
Alphabeat,Pop
Alphabeat,Danish
Alphabeat,Indie pop
Alphabeat,Dance
Alphabeat,Retro
Arkells,Seen live
Arkells,Canadian
Arkells,Indie rock
Arkells,Rock
Arkells,Indie
Steps,Pop
Steps,Dance
Steps,British
Steps,90s
Steps,Bubblegum
Holly Valance,Pop
Holly Valance,Dance
Holly Valance,Female vocalists
Holly Valance,Australian
Holly Valance,Electronic
A Fine Frenzy,Female vocalists
A Fine Frenzy,Indie
A Fine Frenzy,Singer-songwriter
A Fine Frenzy,Piano
A Fine Frenzy,Pop
The Chemical Brothers,Electronic
The Chemical Brothers,Dance
The Chemical Brothers,Big beat
The Chemical Brothers,Electronica
The Chemical Brothers,Techno
Conrad Tao,Classical
Conrad Tao,Piano
Conrad Tao,American classical pianist
Conrad Tao,Instrumental
Conrad Tao,Under 2000 listeners
Mikhail Pletnev/Die Deutsche Kammerphilharmonie Bremen/Christian Tetzlaff,M pletnev
Mikhail Pletnev/Die Deutsche Kammerphilharmonie Bremen/Christian Tetzlaff,Classical
Mikhail Pletnev/Die Deutsche Kammerphilharmonie Bremen/Christian Tetzlaff,Piano
Wolfgang Amadeus Mozart,Classical
Wolfgang Amadeus Mozart,Instrumental
Wolfgang Amadeus Mozart,Composers
Wolfgang Amadeus Mozart,Classic
Wolfgang Amadeus Mozart,Piano
Simon Trpčeski,Piano
Simon Trpčeski,Classical
Simon Trpčeski,Macedonia
Simon Trpčeski,Western classical music
Simon Trpčeski,S trpceski
Yann Tiersen,Instrumental
Yann Tiersen,Soundtrack
Yann Tiersen,French
Yann Tiersen,Piano
Yann Tiersen,Classical
Academy of Ancient Music,Classical
Academy of Ancient Music,Baroque
Academy of Ancient Music,Early music
Academy of Ancient Music,Instrumental
Academy of Ancient Music,Early music performer
Leonard Bernstein,Classical
Leonard Bernstein,Contemporary classical
Leonard Bernstein,Soundtrack
Leonard Bernstein,Composer
Leonard Bernstein,Musical
Johann Sebastian Bach,Classical
Johann Sebastian Bach,Baroque
Johann Sebastian Bach,Instrumental
Johann Sebastian Bach,Composers
Johann Sebastian Bach,German
London Philharmonic Orchestra,Classical
London Philharmonic Orchestra,Instrumental
London Philharmonic Orchestra,Orchestral
London Philharmonic Orchestra,Soundtrack
London Philharmonic Orchestra,Orchestra
Philadelphia Orchestra/Riccardo Muti,Classical
Philadelphia Orchestra/Riccardo Muti,Usa
Philadelphia Orchestra/Riccardo Muti,Orchestra
Philadelphia Orchestra/Riccardo Muti,Muti
Ludovico Einaudi,Piano
Ludovico Einaudi,Classical
Ludovico Einaudi,Contemporary classical
Ludovico Einaudi,Instrumental
Ludovico Einaudi,Ambient
Erik Satie,Classical
Erik Satie,Piano
Erik Satie,Impressionist
Erik Satie,French
Erik Satie,Composers
Nat King Cole,Jazz
Nat King Cole,Swing
Nat King Cole,Blues
Nat King Cole,Oldies
Nat King Cole,Jazz vocal
Tommy Fleming,Irish folk
Tommy Fleming,Celtic
Tommy Fleming,Folk
Tommy Fleming,Male vocalists
Tommy Fleming,Brilliant
The Turtles,60s
The Turtles,Classic rock
The Turtles,Rock
The Turtles,Oldies
The Turtles,Pop
David Zinman,Classical
David Zinman,Conductor
David Zinman,Ambient
David Zinman,Contemporary classical
David Zinman,Schubert
Domenico Scarlatti,Baroque
Domenico Scarlatti,Classical
Domenico Scarlatti,Italian
Domenico Scarlatti,Harpsichord
Domenico Scarlatti,Composers
Elisabeth Leonskaja,Classical
Elisabeth Leonskaja,Piano
Elisabeth Leonskaja,Classical piano
Elisabeth Leonskaja,Pianist
Elisabeth Leonskaja,Georgian
Alejandro Sanz,Spanish
Alejandro Sanz,Latin
Alejandro Sanz,Pop
Alejandro Sanz,Latin pop
Alejandro Sanz,Alejandro sanz
Juanes,Latin
Juanes,Spanish
Juanes,Pop
Juanes,Rock
Juanes,Latino
Murray Perahia,Classical
Murray Perahia,Piano
Murray Perahia,Classical piano
Murray Perahia,Pianist
Murray Perahia,Murray perahia
Cobra Starship,Pop punk
Cobra Starship,Alternative
Cobra Starship,Rock
Cobra Starship,Seen live
Cobra Starship,Indie rock
Bon Jovi,Rock
Bon Jovi,Hard rock
Bon Jovi,Classic rock
Bon Jovi,80s
Bon Jovi,Hair metal
Robbie Williams,Pop
Robbie Williams,Britpop
Robbie Williams,British
Robbie Williams,Rock
Robbie Williams,Male vocalists
Enrique Iglesias,Pop
Enrique Iglesias,Latin
Enrique Iglesias,Spanish
Enrique Iglesias,Dance
Enrique Iglesias,Latin pop
Desirae Brown,Instrumental
Desirae Brown,Piano
Desirae Brown,Classical music
Alison Balsom/Thomas Klug/Die Deutsche Kammerphilharmonie Bremen,Classical
Alison Balsom/Thomas Klug/Die Deutsche Kammerphilharmonie Bremen,Trumpet
Alison Balsom/Thomas Klug/Die Deutsche Kammerphilharmonie Bremen,Female
Alison Balsom/Thomas Klug/Die Deutsche Kammerphilharmonie Bremen,England
Alison Balsom/Thomas Klug/Die Deutsche Kammerphilharmonie Bremen,Concerto
Igor Stravinsky,Classical
Igor Stravinsky,Contemporary classical
Igor Stravinsky,Russian
Igor Stravinsky,20th century classical
Igor Stravinsky,Composers
Ludwig van Beethoven,Classical
Ludwig van Beethoven,Instrumental
Ludwig van Beethoven,Composers
Ludwig van Beethoven,Romantic
Ludwig van Beethoven,Classic
Amy Beach,Classical
Amy Beach,Piano
Amy Beach,American
Amy Beach,Chamber music
Amy Beach,Romanticism
Pyotr Ilyich Tchaikovsky,Classical
Pyotr Ilyich Tchaikovsky,Romantic
Pyotr Ilyich Tchaikovsky,Russian
Pyotr Ilyich Tchaikovsky,Composers
Pyotr Ilyich Tchaikovsky,Instrumental
Charlie Siem,Classical
Charlie Siem,Seen live
Charlie Siem,Violin
Charlie Siem,Seen-live
Charlie Siem,Instrumental
The 5 Browns,Classical
The 5 Browns,Piano
The 5 Browns,Lots of talent
The 5 Browns,Music performed by siblings
The 5 Browns,Classical unit
Camille Saint-Saëns,Classical
Camille Saint-Saëns,Romantic
Camille Saint-Saëns,French
Camille Saint-Saëns,Composers
Camille Saint-Saëns,Composer
Nicola Benedetti,Classical
Nicola Benedetti,Violin
Nicola Benedetti,Violinist
Nicola Benedetti,Scottish
Nicola Benedetti,Lastfm needs this
Hilary Hahn,Classical
Hilary Hahn,Violin
Hilary Hahn,Violinist
Hilary Hahn,Female violinist
Hilary Hahn,Instrumental
Moscow RTV Symphony Orchestra,M r s orchestra
Moscow RTV Symphony Orchestra,Classical
Moscow RTV Symphony Orchestra,Orchestral
Moscow RTV Symphony Orchestra,Beethoven sonet 9
Thomas Newman,Soundtrack
Thomas Newman,Instrumental
Thomas Newman,Ambient
Thomas Newman,Classical
Thomas Newman,Chillout
Emanuel Ax,Classical
Emanuel Ax,Piano
Emanuel Ax,Classical piano
Emanuel Ax,Contemporary classical
Emanuel Ax,Usa
Ayako Uehara,Classical
Ayako Uehara,Piano
Ayako Uehara,Pianist
Ayako Uehara,Classic
Ayako Uehara,Classical music
Luigi Boccherini,Classical
Luigi Boccherini,Baroque
Luigi Boccherini,Italian
Luigi Boccherini,Composers
Luigi Boccherini,Instrumental
John Williams,Soundtrack
John Williams,Classical
John Williams,Instrumental
John Williams,Composers
John Williams,Star wars
Dario Marianelli,Soundtrack
Dario Marianelli,Instrumental
Dario Marianelli,Composer
Dario Marianelli,Classical
Dario Marianelli,Score
Berliner Philharmoniker,Classical
Berliner Philharmoniker,Orchestra
Berliner Philharmoniker,Soundtrack
Berliner Philharmoniker,German
Berliner Philharmoniker,Classic
The English Concert,Classical
The English Concert,Baroque
The English Concert,Chamber
The English Concert,Harpsichord
The English Concert,Baroque or early
Leipzig Philharmonic Orchestra,Classical
Philip Glass,Minimalism
Philip Glass,Classical
Philip Glass,Contemporary classical
Philip Glass,Soundtrack
Philip Glass,Ambient
Maurice Ravel,Classical
Maurice Ravel,Impressionist
Maurice Ravel,French
Maurice Ravel,Composer
Maurice Ravel,Instrumental
Boards of Canada,Ambient
Boards of Canada,Electronic
Boards of Canada,Idm
Boards of Canada,Electronica
Boards of Canada,Chillout
Sigur Rós,Post-rock
Sigur Rós,Ambient
Sigur Rós,Icelandic
Sigur Rós,Alternative
Sigur Rós,Indie
Ólafur Arnalds,Ambient
Ólafur Arnalds,Instrumental
Ólafur Arnalds,Icelandic
Ólafur Arnalds,Post-rock
Ólafur Arnalds,Classical
Mikhail Pletnev,Classical
Mikhail Pletnev,Piano
Mikhail Pletnev,Russian
Mikhail Pletnev,Classical pianist
Mikhail Pletnev,Modern classical
Anne Queffélec,Classical
Anne Queffélec,Piano
Anne Queffélec,French
Anne Queffélec,Classical piano
Anne Queffélec,Chillout
La Prohibida,Electropop
La Prohibida,Spanish
La Prohibida,Pop
La Prohibida,Gay pop
La Prohibida,Spanish pop
Franz Liszt,Classical
Franz Liszt,Piano
Franz Liszt,Romantic
Franz Liszt,Hungarian
Franz Liszt,Composers
The Vaccines,Indie rock
The Vaccines,Indie
The Vaccines,British
The Vaccines,Seen live
The Vaccines,Alternative
The Last Shadow Puppets,Indie
The Last Shadow Puppets,British
The Last Shadow Puppets,Indie rock
The Last Shadow Puppets,Alternative
The Last Shadow Puppets,Rock
Raffaella Carrá,Kitsch
Raffaella Carrá,80's
Raffaella Carrá,Italiana
Danna Paola,Mexican
Danna Paola,Danna paola
Danna Paola,Pop
Danna Paola,Latin pop
Danna Paola,Rock
You Love Her Coz She's Dead,8-bit
You Love Her Coz She's Dead,Electronic
You Love Her Coz She's Dead,New rave
You Love Her Coz She's Dead,Electro
You Love Her Coz She's Dead,Crystal castles clone
Peter Doherty,Indie
Peter Doherty,British
Peter Doherty,Singer-songwriter
Peter Doherty,Indie rock
Peter Doherty,Seen live
Three Days Grace,Alternative rock
Three Days Grace,Rock
Three Days Grace,Alternative
Three Days Grace,Hard rock
Three Days Grace,Metal
Josh Rouse,Singer-songwriter
Josh Rouse,Folk
Josh Rouse,Indie
Josh Rouse,Alt-country
Josh Rouse,Acoustic
They Might Be Giants,Alternative
They Might Be Giants,Indie
They Might Be Giants,Rock
They Might Be Giants,Seen live
They Might Be Giants,Geek rock
The Rolling Stones,Classic rock
The Rolling Stones,Rock
The Rolling Stones,British
The Rolling Stones,60s
The Rolling Stones,Blues
311,Alternative
311,Rock
311,Alternative rock
311,Reggae
311,Ska
Start Trouble,Pop punk
Start Trouble,Rock
Start Trouble,Punk rock
Start Trouble,Indie
Start Trouble,Pop-punk
Silverstein,Post-hardcore
Silverstein,Screamo
Silverstein,Emo
Silverstein,Emocore
Silverstein,Seen live
Green Day,Punk rock
Green Day,Rock
Green Day,Punk
Green Day,Alternative
Green Day,Pop punk
SA2,Video game music
Splendora,Alternative rock
Splendora,Alternative
Splendora,Punk
Splendora,Rock
Splendora,Daria
The Only Ones,Punk
The Only Ones,New wave
The Only Ones,Power pop
The Only Ones,Punk rock
The Only Ones,British
Wisin y Yandel,Reggaeton
Wisin y Yandel,Latin
Wisin y Yandel,Dance
Wisin y Yandel,Puerto rico
Wisin y Yandel,Wisin y yandel
Foster the People,Indie
Foster the People,Indie pop
Foster the People,Alternative
Foster the People,American
Foster the People,Seen live
Sam Isaac,Seen live
Sam Isaac,Indie rock
Sam Isaac,Indie
Sam Isaac,British
Sam Isaac,Indie pop
Radiohead,Alternative
Radiohead,Alternative rock
Radiohead,Rock
Radiohead,Indie
Radiohead,Electronic
Jack Peñate,Indie
Jack Peñate,British
Jack Peñate,Singer-songwriter
Jack Peñate,Seen live
Jack Peñate,Alternative
